Molecule,TH2,TH4,TH5,TH7,TH1,TH3,TH6,TH8
SM 20:1,750649.4882,794736.3741,524863.4166,578395.9445,755945.3634,783733.983,770970.5357,646418.5408
SM 22:0,12333116.98,16058544.88,13865682.6,13017446.46,13172584.83,17234599.06,13574552.26,13460525.86
SM 22:1,4698433.39,5065031.347,4244601.396,3376947.318,4883381.365,6117663.649,4808677.088,3687005.027
SM 24:0,793977.4244,1524307.01,2162944.018,1442290.185,445051.3296,897244.5315,1002152.992,1630356.986
SM 24:1,1655538.818,2282682.802,3062987.901,2395788.898,1133714.642,1996144.077,2280423.324,3128725.103
SM 26:0,582105.3756,846169.2383,764053.8232,533333.0489,547792.0962,630902.936,469639.185,617600.5799
SM 26:1,1035.346775,1484.416763,2890.487268,1196.444384,837.0209398,1347.118696,1855.652983,2292.806981
CE 24:0,344.0379566,910.2692608,449.9874101,806.6585459,345.1598623,563.7223971,305.0321218,1074.798831
CE 22:6,3953.015264,2472.799023,2308.048236,2465.321316,2726.648492,5101.674682,3556.209011,8433.274542
CE 20:0,20351.43731,6640.698217,6862.136922,6252.558843,8083.046107,26613.39539,6323.428847,25312.9072
CE 20:1,6664.617403,3679.458118,3242.182788,2980.483154,2297.669759,4486.206586,2823.236643,9336.504649
CE 22:5,4484.419109,2119.058911,3308.012294,2781.255121,2086.417987,3958.817774,2109.209827,7529.639313
CE 14:0,4993.890649,3181.008932,2610.526076,3282.17911,1873.920309,2466.304511,2825.641836,5592.143619
CE 16:0,5766.243105,2273.463858,4579.52431,3014.628942,2447.047603,7267.062714,3730.594652,9778.04613
CE 16:1,11176.27773,7544.251447,7003.464438,5338.406171,5487.630812,14165.21973,6784.350052,18904.26421
CE 18:0,16680.62166,5771.300341,6608.727226,5663.312493,6407.922556,15261.91638,5700.177393,21436.90821
CE 18:1,18141.22969,11833.7563,13890.54629,9981.695103,8742.525642,13107.94785,10471.04308,36819.93561
CE 18:2,10167.64942,7584.508297,8682.212951,4811.430501,4678.485974,11509.84281,6209.492652,19704.37238
CE 18:3,2547.982405,1449.692936,2734.421575,1729.213028,1449.572321,6147.767613,1003.412021,7973.473434
CE 20:2,4139.80509,4027.132221,5139.567049,2744.045347,2462.184997,5204.372681,2865.559836,11593.10972
CE 20:3,3549.208385,2290.06535,2471.325512,2145.7159,1304.45433,3234.085215,2302.674512,5761.943687
CE 20:4,2332.830179,2520.789278,2842.482012,2787.52687,1811.164554,3615.19727,1965.90645,6939.316107
CE 20:5,5026.890371,2375.548872,2245.589,1711.86029,1894.308527,4761.355269,1828.964779,6442.359302
CE 22:2,2014.914817,476.5974354,1322.498749,841.3495837,908.3647467,600.7145208,280.4270604,3281.136977
CE 22:4,3393.857465,1502.471165,1432.361887,2038.450153,1598.445235,2963.685248,1448.149483,4442.170382
CE 24:1,2346.261261,759.4383191,1335.206934,2260.682994,317.0005286,3484.570536,2429.706099,3010.362312
CER 14:0,13730.35812,13865.87313,8309.518736,13974.67245,3826.149593,7727.744574,9459.327967,15020.39417
CER 16:0,908617.2478,1465572.087,982801.2405,1375390.41,344723.1819,476478.2463,586332.8106,1372818.371
CER 18:0,285086.8116,426672.9723,202848.8599,483333.5921,108027.3367,133586.7729,194397.991,442316.8763
CER 18:1,67293.60847,87342.58392,78749.23717,90749.42744,25564.44486,33429.50729,50300.90305,154795.3274
CER 20:0,222491.9411,595889.2883,312069.7304,428188.1898,122263.815,223396.6167,249021.0626,464334.6352
CER 20:1,80564.42357,142093.8987,113731.7247,141620.6292,48108.1871,82706.12849,79697.98207,216973.8056
CER 22:0,978346.9919,2615634.319,1559631.478,2401211.839,560713.2413,1197448.225,1123744.894,2215896.074
CER 22:1,731941.7484,1165148.837,1170725.589,1255974.455,316268.6567,498338.5226,580224.3868,1737130.481
CER 24:0,537870.488,1445517.146,963426.4119,1178219.457,207428.2169,372898.9553,459500.2276,1049950.186
CER 24:1,1305375.76,2932876.998,2094885.832,2818746.458,601818.6724,957180.3488,1141792.236,2691653.666
CER 26:0,25618.15448,48005.3612,49477.15654,45661.97691,9656.601313,29927.34539,28440.92751,117267.3605
CER 26:1,14751.64127,45164.13183,27995.79718,46462.85721,7986.894055,11631.6019,19528.19811,70084.78389
DCER 16:0,212224.1142,236640.8255,240273.4947,299590.0147,93848.17004,145881.8047,161823.9457,449904.2274
DCER 18:0,156661.6833,251511.6257,159398.7913,248437.8977,42980.27206,79488.54677,87639.49983,257183.2264
DCER 18:1,38142.22347,37624.04854,54093.02702,37059.87702,19385.31919,21876.37843,24704.45875,62439.30279
DCER 20:0,130993.6078,184085.4449,123775.3093,121163.7744,32146.01468,78132.77872,78997.22586,251855.2849
DCER 20:1,21920.1014,23702.21906,20568.53833,20887.26849,9083.770987,16624.10489,12958.88163,29314.07274
DCER 22:0,71991.09318,129058.9773,148592.9657,126471.6833,40549.67485,123820.9562,105344.6258,253109.8558
DCER 22:1,221257.8299,356925.4808,389373.4413,404987.1111,105355.6716,154554.8614,151225.6946,497729.0574
DCER 24:0,41360.34715,83225.11727,48202.76731,82993.61398,15276.64836,38082.06714,33287.18127,122131.1343
DCER 24:1,126933.6339,194114.5878,133305.1271,212260.8698,50462.05909,96826.70199,112303.2625,365421.3388
DCER 26:0,9756.219524,13240.54771,8484.661048,8797.289011,1746.882603,5776.764078,4046.176065,15784.24505
DCER 26:1,23270.91538,31965.64022,25865.58174,24235.15745,7914.328704,16901.45308,14873.27351,50305.67384
HCER 14:0,19952.18754,36492.10598,31108.71305,33985.40151,14383.91544,19312.75909,21469.90902,40936.91448
HCER 18:1,19394.84423,17605.59109,16511.87239,16070.86726,4869.288307,12658.96334,7808.673115,29310.23784
HCER 20:0,355598.8114,327737.6123,356962.5087,434938.6116,208099.9541,310091.387,387190.6484,914126.7995
HCER 22:0,999828.5355,981907.663,1061106.27,1314608.206,596006.7253,948653.9159,1241860.59,3215227.36
HCER 22:1,273525.9314,251470.5585,265534.1001,365827.1969,152279.8763,270590.2728,312855.3025,686127.6923
HCER 24:1,116192.5534,121471.8997,102224.4518,178526.3037,77432.26687,115137.7676,146137.4768,458759.9101
HCER 26:0,836903.3659,1137775.057,1414889.129,1073602.319,577601.2526,1813970.276,1463214.454,3107518.154
HCER 18:0/24:0,8059.747928,11490.81699,9902.15919,15503.67223,5765.064433,9623.041781,14158.22086,40877.98456
HCER 18:0/26:0,18265.31352,28916.54106,34445.55787,24741.43903,13521.43443,41450.69082,37864.76033,81414.90703
LCER 16:0,136798.8462,136750.5996,155441.2586,260057.9908,127584.7397,198098.5705,228912.4458,691795.121
LCER 18:0,47999.5274,40911.01086,62380.14929,66718.61104,37934.14425,92870.2445,75461.0412,246208.7439
LCER 18:1,37467.95708,39753.80503,46370.20658,61175.0654,32686.39574,92399.59709,66634.41559,206279.0161
LCER 20:0,76326.72172,60293.77678,94554.79084,121629.7801,49251.0971,116414.111,112220.7507,377026.0573
LCER 22:1,101860.7856,92026.98931,151163.2445,153189.1009,63700.53432,182499.8194,128687.637,489424.7633
LCER 24:0,1536.333353,1461.060727,2798.908708,2692.266837,1776.821221,1546.96591,1476.728532,3324.702343
LCER 24:1,296.7936532,363.8366427,1248.746746,1098.562267,68.19517618,538.3986033,1462.13455,1142.143787
TAG 15:0/18:1/15:0,888.4549649,1202.292725,1247.06813,1121.876507,422.2038764,1321.911663,840.8013243,2286.453298
TAG 40:0/16:0,10171.85039,6795.630145,4271.025233,5482.117837,4769.653235,7478.189435,6062.396868,10832.47023
TAG 42:1/14:0,9330.443116,13211.62435,6071.456802,8440.434978,5637.086871,6259.578917,5248.597334,16460.68961
TAG 42:1/16:0,37124.23994,50504.39135,24858.87541,39386.94622,29048.31973,31597.44141,26329.07039,56795.9702
TAG 42:1/18:1,16211.0701,20320.1381,10430.59902,16034.47332,17715.09714,13543.69698,11373.99305,32445.29304
TAG 42:2/18:2,9020.712372,10295.94993,5342.146497,7182.804962,12893.7517,9998.350752,7561.409218,14409.89059
TAG 44:2/18:2,40097.30395,50493.86587,30294.77253,36754.72543,53250.78433,36317.55458,25719.63789,76193.31792
TAG 44:3/18:2,13605.61577,17337.18165,13087.81828,14288.0088,11456.46031,15258.59473,10634.81499,26369.52115
TAG 45:0/16:0,90333.35899,41963.08322,24433.83902,34068.81748,45979.39892,40578.00133,33372.76232,98753.27441
TAG 46:2/18:1,83097.49907,115062.2995,78825.20015,88418.88695,61828.40974,59433.68562,59202.53666,188857.2761
TAG 48:0/16:0,64157.76525,55654.79252,41605.22104,89812.40374,41397.92092,48779.47132,51390.75313,148080.3111
TAG 48:1/16:1,60284.3669,71750.73316,46116.49505,83525.02692,33061.86984,38501.55319,51477.54086,145198.1676
TAG 48:2/16:1,136160.0389,187859.5062,103063.0128,198101.9996,76162.72534,94149.93615,109343.5107,326230.1392
TAG 48:2/18:2,31660.84774,42723.79039,28252.09408,38935.783,28177.61123,32295.60959,24393.67326,79370.00959
TAG 50:0/16:0,110111.6616,113614.3203,71755.01627,141194.9008,72336.93613,79960.08101,96261.91046,259541.3153
TAG 50:1/16:0,930854.9423,1118972.694,820670.2833,1521551.66,715644.4075,837994.0582,954572.2353,2789513.973
TAG 50:1/18:1,351259.0821,524237.9535,328808.35,598813.653,299681.1304,358601.6334,391740.5118,1216953.833
TAG 50:2/16:0,1237795.056,1665343.396,1075506.436,1780907.051,922771.5415,1188356.889,1230318.653,4014294.877
TAG 50:2/16:1,844534.5903,1247748,788003.5472,1114696.04,524941.1213,701890.5176,841518.2558,2540053.264
TAG 50:2/18:1,484106.6868,712701.0195,474003.4304,680012.1585,343644.569,364520.4601,436412.7615,1713986.865
TAG 50:2/18:2,219810.062,306951.0317,215219.5586,347771.3244,174462.5969,269341.4847,232148.6621,725110.5129
TAG 50:3/14:0,78483.97046,128577.1624,90337.79402,113071.5825,71084.09447,79827.80238,78032.42689,246323.2769
TAG 50:3/16:0,233338.5168,333134.9416,231007.5101,353377.8757,212811.7199,270662.5807,238174.4661,874872.2805
TAG 50:3/18:1,229876.8206,334428.6146,244411.8733,299860.7788,154255.12,176485.5028,208450.268,634473.9788
TAG 50:3/18:2,346699.7219,534516.7663,350872.0418,640248.8245,315678.8662,373823.811,370720.5143,1115305.666
TAG 50:4/16:1,80298.1541,113776.2508,92614.72212,140145.257,71481.32079,91039.70173,62402.67753,221570.7663
TAG 51:2/17:0,53714.48622,63738.58203,33625.98001,47825.44069,34980.44787,40002.11507,31357.02629,120727.6852
TAG 51:2/18:1,69060.38711,102488.9087,78172.87846,106998.5524,72672.52483,71141.08304,60820.5207,229805.2415
TAG 52:0/18:0,20704.46581,27882.3511,18153.67061,32486.55914,19178.02522,22174.14374,23278.45446,62832.62894
TAG 52:1/16:0,356926.0184,576296.4732,373391.9259,535348.9475,316560.1355,337582.1123,357651.458,1042206.064
TAG 52:1/18:0,164937.9455,267616.5934,193138.787,334379.2064,171822.4116,174403.3262,199887.3201,589946.6542
TAG 52:1/18:1,457425.9087,667057.3046,472305.5061,769279.8899,408027.019,435127.9561,508674.4413,1344863.439
TAG 52:2/16:0,1576262.327,2347381.212,1956583.999,3233277.753,1723393.274,2106194.624,1768993.007,4721631.543
TAG 52:2/16:1,115639.7317,179610.2076,154350.8261,166864.0899,90791.48199,114357.7517,131536.9126,348003.8666
TAG 52:2/18:0,134762.285,204898.7064,164680.8522,197357.5965,141132.1934,194196.1177,155561.9583,456176.7934
TAG 52:2/18:1,2982589.296,4232466.854,3351357.24,5032737.874,2785905.487,3074278.588,3604618.043,9636036.345
TAG 52:2/18:2,187675.5434,320762.4737,225026.6086,350675.5203,216809.0874,266901.1697,225282.1148,612989.6897
TAG 52:3/16:0,1183556.612,1982734.037,1655085.778,2646953.199,1660836.551,1829369.229,1188918.418,5124334.941
TAG 52:3/16:1,457513.8998,810698.2556,683633.3619,942403.9518,683441.8016,512089.566,497624.8681,1886193.916
TAG 52:3/18:1,1681868.891,2844166.881,2553299.331,3532706.685,1906952.138,2247425.706,1887941.869,7470756.37
TAG 52:3/18:2,1123887.112,1948083.672,1370161.384,1979211.371,1323428.493,1747860.432,1116703.362,5017966.388
TAG 52:4/16:0,407160.1675,811518.7529,685064.2722,771680.2764,526910.6622,735080.1626,465850.3782,1724678.385
TAG 52:4/16:1,281128.3742,514068.3537,563964.9598,636522.6149,344549.3272,507841.1668,346713.7113,1213146.973
TAG 52:4/18:1,361211.5873,521366.2421,518008.4461,607001.3166,361691.1833,476286.2884,353409.1626,1186401.079
TAG 52:4/18:2,727615.1983,1036573.253,998174.1846,1199434.654,757823.9882,1042539.289,644666.0056,2244008.721
TAG 52:4/18:3,187371.5977,264488.3611,227589.2358,266968.1149,172211.8457,237510.9599,180249.6743,532546.8989
TAG 52:5/16:0,26674.5288,45322.51006,56571.76346,63745.71649,43855.67522,60187.45494,25754.66126,124552.1266
TAG 52:5/16:1,86394.46328,123405.2128,119825.8564,145839.1967,88267.49565,108833.1608,75193.61141,262765.054
TAG 52:5/18:2,123619.6722,189670.6309,167987.0618,178614.5305,137429.0714,204196.2435,107763.6166,398586.8813
TAG 52:5/18:3,74975.28749,110521.2059,108971.2571,128267.6722,111906.5099,181005.3129,82574.40778,242292.0523
TAG 52:6/18:2,14971.95554,21669.80774,24886.75542,22438.41922,16349.06877,24623.81731,13991.65679,42992.79171
TAG 53:4/18:2,48317.26675,61790.56881,48832.00483,53806.13745,38372.88078,53899.1539,32431.35968,117207.5708
TAG 54:1/18:0,23409.19915,27110.17067,25506.88824,27608.36913,21443.76443,25279.50416,26364.79758,74064.92284
TAG 54:1/18:1,96940.36748,78532.46224,51938.54036,61086.03212,57564.6321,65604.54801,51112.03213,185481.8944
TAG 54:1/20:0,67494.50619,45273.26773,36931.985,52090.18968,47441.81678,62298.78775,41874.81726,140561.2215
TAG 54:2/18:0,106397.2454,154586.103,156847.8041,171957.6239,100702.0921,133299.8202,126091.1148,390659.0178
TAG 54:2/18:1,250085.3133,282793.7134,329287.8043,366843.5681,215204.322,266711.0022,246466.619,973459.8727
TAG 54:2/20:0,51137.88297,36843.96386,35720.11762,38824.55018,37047.57984,54551.98668,32007.68211,90782.82627
TAG 54:2/20:1,120612.6402,143713.2567,122775.4151,152941.5343,106271.6416,129390.8299,132390.1242,337321.8949
TAG 54:3/18:1,1163675.067,1804789.276,1937543.833,2016329.111,1094394.128,1403448.155,1343014.676,5232822.661
TAG 54:3/18:2,100363.4961,132477.0855,153905.5016,140100.0295,106915.482,137999.8294,93016.74647,392033.031
TAG 54:3/20:1,87860.4684,115991.8716,104461.4591,110731.3207,81849.02174,107170.3065,88291.31712,254642.3292
TAG 54:4/18:0,16765.01942,26069.15353,29760.68965,25897.72321,15704.50356,29204.20309,18441.64651,75590.04624
TAG 54:4/18:1,1511872.687,2219462.946,2457399.847,2205487.506,1337082.205,1862415.046,1554221.415,5490700.235
TAG 54:4/18:2,564735.2381,634330.7017,682227.7663,650035.5874,441167.3528,610266.8396,418100.3468,1538738.368
TAG 54:4/20:1,19862.15152,27293.94855,26430.87234,22622.38971,16570.67302,23295.48639,18309.02162,56337.72328
TAG 54:4/20:3,191549.4108,212269.8032,234182.6226,295511.3835,208388.1526,258050.9196,216456.2474,715319.4997
TAG 54:5/18:1,224038.2466,328433.6078,418577.9983,340830.4025,253678.0397,372479.8994,214698.4945,865545.427
TAG 54:5/18:2,278586.458,441594.3148,592530.4576,397208.5209,296606.2651,404915.8793,271916.4319,1121295.252
TAG 54:5/18:3,62181.75426,75036.91922,91756.69439,73422.89215,48152.79844,65824.78103,52507.86327,219030.9619
TAG 54:5/20:4,218700.2718,256981.9394,336030.3083,369610.8422,280414.2723,500844.264,236940.3698,1000679.624
TAG 54:6/16:0,71282.19973,79878.63225,102209.5403,136710.498,97450.89179,165588.2547,93903.13076,346724.2202
TAG 54:6/18:1,37032.48082,42578.56587,63352.49633,43493.05155,38985.8054,44423.54908,30347.73842,104483.4597
TAG 54:6/18:2,109324.6193,157430.3358,219791.0434,161810.6291,119217.7746,190760.5943,129540.1139,421751.1538
TAG 54:6/18:3,48456.40434,77797.94243,95161.62784,66282.73019,50730.4309,78192.72532,47321.68012,156791.9513
TAG 54:6/20:4,154309.7869,199868.5668,277757.8077,259069.7082,204482.777,367161.5092,197903.7354,671022.9503
TAG 54:6/20:5,37868.10453,49117.0253,49910.93566,61152.2264,43000.82225,81998.14726,50506.99673,157283.6659
TAG 54:7/18:3,12908.00765,20063.27225,27454.16128,18510.27204,12384.00692,25211.44047,10934.83809,42980.14936
TAG 54:7/20:4,37430.51146,57364.36179,82044.30068,64269.53341,49921.80009,102394.3764,54236.7227,157380.8528
TAG 54:7/20:5,33780.36372,45424.51443,44265.48465,45077.7554,33734.15121,70857.86159,39217.98474,104764.7817
TAG 54:8/20:4,935.6945306,781.5692552,2200.268489,1241.842513,845.5032397,1733.660027,1165.586533,2605.44458
TAG 56:2/20:0,20334.90117,21837.26265,24114.00858,24041.89553,15443.04837,25802.79933,20885.05522,63496.94084
TAG 56:3/18:1,105429.2481,134911.7681,162451.85,149570.7938,89809.46699,107645.6291,106972.451,405127.7591
TAG 56:4/18:1,122104.4509,131866.3349,188038.985,156747.0606,108491.9034,123461.5372,134619.3474,450304.7373
TAG 56:4/20:1,44452.71475,58048.90381,80005.48993,62044.86844,48804.83131,62447.96377,52449.86292,172691.2409
TAG 56:4/20:2,45295.60428,55205.39136,73178.75516,67477.5405,49089.44299,55821.34979,52161.63665,189107.2809
TAG 56:5/18:2,40357.3565,56005.19365,84380.87454,62107.96385,46631.26149,69844.22955,50793.29341,171057.0702
TAG 56:5/20:2,36141.45063,42283.90829,63181.48059,48845.28919,35039.4716,44186.4293,37288.8415,126493.4925
TAG 56:5/20:3,77183.43916,101344.4678,167901.2949,133341.8045,81158.03884,114967.6876,96013.25102,357854.0641
TAG 56:5/20:4,24629.49442,32607.25751,40820.08513,34072.07154,36621.80726,46571.8613,32075.22592,104372.2846
TAG 56:6/18:1,93178.28941,120090.3526,198379.2216,145928.9418,85266.01378,204799.1142,96872.85285,499450.5645
TAG 56:6/18:2,61326.9186,86059.73302,117558.6983,92555.3744,65682.03461,120746.315,68917.77381,273134.5291
TAG 56:6/18:3,5701.628045,7382.013875,12050.10531,8012.514039,5211.057839,9931.371678,5604.922776,23757.64646
TAG 56:6/22:5,87896.52132,121219.445,148276.9805,160375.8288,144945.3202,243386.4437,108328.014,482145.1778
TAG 56:6/22:6,27677.44696,31287.98961,40044.53169,56071.60387,33360.36644,93053.66838,39925.00438,136032.9621
TAG 56:7/18:1,81269.03316,90496.73325,144492.1605,165536.4967,93564.18269,238998.2203,108038.4114,388843.5791
TAG 56:7/20:3,18380.2495,19196.36263,36166.27175,24115.17931,17423.54393,33866.47399,16639.68423,71730.31484
TAG 56:7/20:4,62300.75275,71266.36852,200838.5756,109220.0079,74148.85842,164153.9479,94264.03775,306136.0089
TAG 56:7/20:5,13539.52821,13781.60869,21633.32814,16702.43158,17326.79844,25622.18537,14144.19241,46225.99838
TAG 56:7/22:5,103745.3904,123642.0801,180539.2348,166959.7073,127321.5521,252970.7781,114609.1673,364837.3539
TAG 56:7/22:6,155086.2181,233344.4457,304606.7812,412684.2938,195348.558,641198.132,269641.7295,839542.1234
TAG 56:8/20:4,17678.88203,26729.17775,50609.06034,29928.85487,17654.7021,50168.54265,17922.22946,76566.11957
TAG 56:8/20:5,9418.784324,12759.11423,19425.9382,13303.70162,7408.535805,21977.94921,10529.54974,35830.49669
TAG 56:8/22:6,137425.3182,190373.1172,265094.3816,254578.2469,129419.9703,562627.8344,183070.8935,643149.8278
TAG 58:10/20:4,19049.28039,22400.79626,30343.81878,39324.06764,27933.70687,70943.3926,26305.91292,101204.6317
TAG 58:8/22:6,61692.19594,72469.19713,146506.9246,111928.5431,62954.946,203130.3092,88077.3382,273829.9185
TAG 58:9/20:4,16311.54458,21096.29705,39582.73444,33489.24553,23743.29612,60671.79559,25151.60122,81722.0627
TAG 58:9/22:6,48292.54085,62915.5482,136709.0383,94937.26107,57882.05152,167729.1392,60278.72327,223388.827
DAG 15:0/18:1,2869.265101,3167.000914,3306.855183,3407.690389,2328.93774,5763.77512,2762.943803,5012.476688
DAG 14:0/14:0,1971.556176,4046.597856,3282.898575,5856.544688,1399.837261,2673.711852,3022.677882,3160.215987
DAG 16:0/16:1,32279.03883,18718.01384,14148.04017,17924.40881,16902.61249,23599.02918,16972.61966,42620.03136
DAG 14:0/18:1,15128.94576,13731.30884,11335.22364,11425.96014,31594.23387,21181.57105,25070.86017,37415.53765
DAG 16:1/16:1,637.0603856,601.4789798,675.1439283,569.0605435,675.7998277,591.9141754,697.3739176,1130.928351
DAG 14:0/20:0,10220.41128,7665.037845,10126.49495,9270.712966,4967.368876,7111.573892,8452.661189,15969.53463
DAG 16:0/18:1,138271.9848,164148.5068,133640.6632,181494.2278,97266.93758,125703.6821,185735.7547,306692.3914
DAG 16:1/18:1,99739.38389,63782.65161,73290.17825,64493.55579,35314.22592,73574.99268,78432.6255,140474.2001
DAG 16:1/18:2,43208.16975,39334.41704,36496.67211,39304.32732,25998.93684,33951.72693,37511.46648,80524.71039
DAG 16:0/18:3,1808.413728,5213.847924,3143.909697,2666.937134,2488.365084,2925.166527,2460.817326,3373.444153
DAG 16:1/18:3,2591.444755,1306.637702,1433.131865,1515.740665,1612.013591,2011.474589,1175.545717,2199.688347
DAG 14:0/20:4,3247.580724,3931.100039,3329.541188,3932.038584,2262.354998,4290.794143,3139.641693,5827.596238
DAG 16:1/20:0,121173.7101,92623.24693,193867.4792,117426.4207,23327.45555,194046.7995,94500.94353,154825.9326
DAG 18:0/18:1,11595.18616,15659.13515,14378.45142,12360.74482,7997.656485,11948.21564,17520.70696,31439.62585
DAG 18:1/18:1,264068.2594,255622.7118,325039.6764,282189.539,139971.6436,250662.953,376892.5106,682948.7922
DAG 16:0/20:3,3393.80648,7564.861675,6484.791349,6268.779084,3621.808954,4724.07362,5851.52071,7070.59576
DAG 16:1/20:4,10843.62502,9888.136422,9563.2857,11149.22516,6977.622756,10565.39522,9412.68613,17795.48235
DAG 16:0/20:5,2570.323001,3757.506652,3478.439934,3724.081494,3254.902466,2857.466431,3904.505548,4159.35617
DAG 18:2/20:3,14397.90413,12444.25657,18689.50343,20492.22418,10826.42335,16711.95332,15093.54669,34274.44705
DAG 20:0/20:0 (1),27286.91855,8977.42736,7860.855249,7242.329733,6715.157316,36115.32286,7330.191017,37973.65763
MAG 18:1 (1),622.1722414,1433.583339,1061.051343,501.830474,389.9618978,551.9452279,713.0637723,2614.219778
DAG 20:0/20:0 (2),90828.23766,88103.27272,88957.3417,97008.79254,61219.40198,80308.83541,88741.72363,113504.3923
MAG 18:0,97877.20388,69188.22869,55770.18903,55979.20043,38478.17034,75798.42626,58884.04499,45748.29124
MAG 18:1 (2),479084.1454,590622.5877,621506.9115,543581.173,351699.7072,415039.4429,627974.4951,356458.6169
MAG 20:0,4515.998755,6726.616428,6442.87998,4548.639891,5818.745892,4582.401408,3750.291386,4409.260263
MAG 20:1,127868.3056,92756.71324,75777.18712,67701.17015,65049.08056,72044.09565,86234.81312,119022.9818
MAG 20:2,57898.67817,48361.07226,51290.56769,41253.63029,30879.61669,50018.17407,45878.51887,62316.19104
MAG 20:4,46644.86256,56636.37337,83630.3159,69426.02671,34278.61286,64668.03803,59095.10637,80468.78754
MAG 22:0,4916.27842,13187.67749,11799.64883,11607.30863,19244.88657,4957.801285,12389.90539,6971.080282
MAG 22:1,40121.71069,29888.45393,24986.77847,27114.74866,13543.74788,23543.66142,23041.93714,38901.64127
MAG 22:2,32871.7649,24212.47469,25154.82297,25841.76161,12593.79335,22601.25586,20652.88302,33142.33786
MAG 22:3,1236.01021,1591.648222,1214.073062,1218.208106,560.8162957,1158.61609,1759.214256,1854.693832
MAG 22:4,10486.88069,16189.65492,18880.56622,16550.68729,7933.848431,8643.73505,11690.89276,16748.52592
MAG 22:5,23724.8367,19552.45734,28782.07781,31614.92154,16332.26167,24581.02193,19415.91753,36953.8985
MAG 22:6,47255.23602,42306.18079,54851.74399,60180.00347,36238.31512,44637.8629,51807.96353,80749.75687
LPC 18:1 (1),346.821975,471.4102297,299.7441491,619.7296027,185.0251954,339.4934443,217.6782888,130.4193474
LPC 14:0,,111.9797461,177.3472402,233.982168,117.3119546,73.68007624,191.8526459,62.60680148
LPC 16:0,38767.71663,52456.5338,6716.068637,50584.80524,29324.69393,27115.34368,49233.30128,37904.29554
LPC 16:1,1941.889724,2438.499962,1206.159825,1040.989047,1185.967477,619.7294075,802.8317421,388.1358246
LPC 18:0,7648.780278,13167.55576,9577.729321,10855.16917,,9604.393593,16485.75356,17796.02521
LPC 18:1 (2),9490.348805,18934.22707,4429.984123,8341.098976,6070.01436,3933.637746,11269.93724,8485.620181
LPC 18:2,13618.43568,32754.70809,23941.72872,24174.87122,10820.20404,7301.175264,23815.55921,18016.35699
LPC 18:3,210.3046004,340.044927,236.5488379,89.72570901,142.2412849,581.0272693,105.3478309,661.9921628
LPC 20:0,287.7981388,1280.642439,1488.087659,411.8436963,287.7974248,427.0574634,531.5737409,948.1894927
LPC 20:1,288.5852066,,,262.6118107,,419.8514753,,310.6873045
LPC 20:2,210.145775,,337.1322381,273.5076095,,369.5508414,,584.686229
LPC 20:3,3638.950752,3320.944153,3384.638148,3154.980709,1651.384817,2334.750524,1247.406883,2227.75312
LPC 20:4,5293.400494,6392.348472,3854.601874,6908.991151,5143.679327,5130.437724,7639.213605,8099.609578
LPC 20:5,452.1530179,707.3239414,1017.420637,548.3900317,379.2861225,616.1407001,792.0517519,568.7920097
LPC 22:4,211.104484,330.461233,193.3256633,253.1783616,153.5044194,467.9145345,114.3023954,165.4406701
LPC 22:5,298.8465735,259.4434756,183.2092957,335.4078839,207.8211368,233.8490156,190.8514892,369.7461765
LPC 22:6,170.9859801,345.9314509,384.8812572,175.5660847,303.2029747,161.5766898,790.1317996,217.1013729
PC 15:0/18:1,685.7914476,891.4785316,,1793.451586,319.2641603,3114.546345,548.7843945,704.3274976
PC 14:0/14:0,56.9951319,134.1346584,80.7232795,158.9987929,30.09336835,160.9373679,131.3361501,189.2434611
PC 14:0/18:1,5563.401212,4168.339787,2982.133481,714.4832718,,6716.986194,2183.654235,929.4578861
PC 14:0/18:2,440.4049884,417.8772032,1177.311351,254.3560834,,512.4607909,1396.874434,1216.768502
PC 14:0/18:3,,31.35117275,138.3022943,175.8762248,,164.4095347,149.1085731,60.06214786
PC 14:0/20:1,,115.9530897,119.7589049,235.5758478,205.0821098,125.5457738,74.13961099,252.3218327
PC 14:0/20:2,26709.98789,27547.98403,32306.23667,28119.78045,26267.62596,19912.32864,23027.43566,28325.28841
PC 14:0/20:3,9274.817499,9012.32965,11717.91812,8768.730308,6176.23218,10030.38709,8669.342036,9439.760056
PC 14:0/20:4,1094.139284,2107.455674,1496.408601,3646.339474,442.7967604,534.5496272,3031.899387,3090.233505
PC 14:0/20:5,102.5537693,291.3418956,188.8465874,235.3879145,36.43798965,190.2369722,216.3769873,165.7683874
PC 14:0/22:4,6040.994524,4935.91927,6044.480466,4662.662826,4179.374246,5867.313458,6053.12742,9375.139542
PC 14:0/22:5,391.4026064,371.5357751,149.6272767,76.40187804,70.09230973,464.618963,734.3669659,138.8927068
PC 14:0/22:6,455.0562844,266.2650252,345.445904,461.1984014,177.607041,847.1077055,282.0741779,880.3862726
PC 14:1/14:1,60.77206745,230.6703552,99.40532452,39.44338091,62.90552276,124.4221703,376.4015271,94.250255
PC 16:0/14:0,338.4158592,,477.9182635,799.0732798,225.3503129,300.8952319,262.7134445,221.5298977
PC 16:0/16:0,23906.45281,31095.48614,121148.0339,36478.42108,14656.71271,29679.71828,30987.73517,39512.56649
PC 16:0/16:1,1924.942833,2521.029453,5760.541596,1726.141495,529.0692612,1014.486044,2040.348824,1299.850217
PC 16:0/18:0,15645.14253,15801.06823,310896.1886,12267.29521,15424.723,22588.58016,21554.96901,13304.84001
PC 16:0/18:1,23144.99367,30731.50535,58817.08645,37356.82376,12074.76635,22707.70085,25225.60828,45389.18724
PC 16:0/18:2,21552.68437,23589.63859,37702.403,35935.85996,15018.66397,32206.72268,20836.65974,36541.55558
PC 16:0/18:3,275.963611,405.8256153,542.9492511,796.4959407,,734.6284107,587.5244557,628.751776
PC 16:0/20:1,253.1837058,143.4108548,4536.418699,775.8998922,280.3310544,275.2119316,769.4524117,878.5943733
PC 16:0/20:2,691.9375435,795.3800257,3604.84021,732.9958458,471.3269424,616.3912086,625.9735047,1013.426317
PC 16:0/20:3,3632.623532,4810.522168,5355.50633,8549.884861,1459.621702,3758.758621,5170.724904,5090.957652
PC 16:0/20:4,13072.58186,11933.0272,,10985.66748,9761.392388,18953.61998,11484.81098,
PC 16:0/20:5,,,298.6035092,58.71152295,452.5173086,101.4929081,89.80614933,118.3244431
PC 16:0/22:4,301.7043597,472.495475,230.948639,439.9394118,388.2087646,325.4418976,193.185519,441.6143669
PC 16:0/22:5,386.6275152,1168.238519,,478.9354944,652.6461745,480.0983098,,652.0075765
PC 16:1/18:1,,,,7893.311359,,,,6581.798146
PC 16:1/18:2,512.4419204,1138.824326,1389.079099,913.171142,465.9372156,770.8375263,561.0089256,901.4117248
PC 16:0/22:6,2968.624317,2339.423272,,2563.913842,1990.314649,3104.545891,1851.014699,3727.2445
PC 18:0/14:0,100.9172419,213.8672223,133.2974229,168.458429,,94.62208134,105.8154545,34.87886387
PC 18:0/16:1,644.8713255,428.2914974,286.2356242,320.5529482,175.8059767,,172.4830183,
PC 18:0/18:0,,2730.882302,2850.232996,,,2689.212658,4274.398225,3370.51017
PC 18:0/18:1,4076.117939,6856.143929,4706.86403,7060.655304,2761.620787,3188.314724,4036.755885,8428.895597
PC 18:0/18:2,12588.02536,11929.2099,14289.82477,16888.79645,6240.380149,17671.43261,22360.71467,16490.42037
PC 18:0/18:3,157.5109867,81.69230196,,127.8236831,97.42046284,285.5191308,760.3250344,
PC 18:0/20:0,520.5539646,1091.654907,303.7513673,359.9283195,233.4894863,1345.364218,708.1753614,937.972386
PC 18:0/20:1,103.3311278,245.091443,303.7123731,150.0748117,105.6984633,98.2613152,445.6882539,243.8426441
PC 18:0/20:2,,558.6506913,243.7151234,231.8594373,319.9462875,320.5329652,571.2434528,361.1323656
PC 18:0/20:3,,3344.999661,2368.413897,3117.092592,1396.951473,4373.77418,3885.919201,3707.927823
PC 18:0/20:4,35103.44736,10600.8836,,10461.84472,10706.48962,14389.21747,13844.4023,
PC 18:0/20:5,253.5042955,193.5737685,491.6245202,,164.4695268,174.7353176,151.1799932,132.0480629
PC 18:0/22:4,159.7264428,378.3426654,,681.1135293,276.5324119,430.991849,244.5295977,183.1968922
PC 18:0/22:5,1218.297692,302.5986947,244.5979224,439.1957434,442.6170139,330.2917505,2453.207118,
PC 18:0/22:6,5583.789436,851.6572974,525.1901925,1260.69488,1539.137566,1044.147098,1401.757976,5612.200176
PC 18:1/16:1,,,,6091.828691,,6131.965799,,6448.383399
PC 18:1/18:1,2602.644913,3295.342676,3596.437447,7477.170123,1366.779245,4544.805639,4928.224436,5661.147463
PC 18:1/18:2,1906.086125,4152.39989,3974.99602,5385.988053,1753.476079,3675.915693,3840.342402,6069.044314
PC 18:1/18:3,210.8443317,219.6361998,185.9452986,80.48531634,35.147238,693.7559822,365.8879635,141.3377787
PC 18:1/20:1,531.8585067,145.5609099,177.0913164,290.1515981,288.6429898,203.9859087,404.5342781,181.2764096
PC 18:1/20:2,257.8500726,485.2433323,,167.509141,429.1554925,257.4414255,452.9182294,805.958406
PC 18:1/20:3,,740.5805332,,,599.1817081,,1158.592272,
PC 18:1/20:4,2448.092748,3714.982771,3055.906594,,4566.730994,,3394.866511,
PC 18:1/20:5,182.6074635,150.0666131,152.9845298,241.9286729,152.1425331,150.8856666,375.3680329,45.07886769
PC 18:1/22:4,365.5436832,578.5109268,95.10320699,152.1329662,458.4809296,154.0835057,410.9730447,161.3833402
PC 18:1/22:5,556.1023274,,366.4906584,252.3583325,362.3893963,188.5636415,186.4880042,736.2111687
PC 18:1/22:6,1142.827788,1090.058323,1232.07896,496.0974031,261.9199977,,391.9705354,220.9680432
PC 18:2/16:1,,1072.076733,4499.074198,2974.83002,433.5006785,,669.1482892,826.1979683
PC 18:2/18:2,1580.751582,1255.290302,2053.231389,2481.986835,814.9729112,1851.824978,1245.834487,1438.399273
PC 18:2/18:3,147.0276324,126.8442885,77.39549432,104.6299901,169.5514858,236.89854,126.8029007,73.51311966
PC 18:2/20:1,586.0035548,196.6582568,2508.71869,90.56278979,197.7755861,1040.039824,314.2744599,849.1181784
PC 18:2/20:2,108.8816825,185.948366,562.9797731,,396.7358588,208.0608545,261.4706053,131.1405641
PC 18:2/20:3,678.1123582,921.1709465,418.4101496,1298.710067,,385.3802655,,317.9257681
PC 18:2/20:4,1515.83109,,,2250.914884,1321.773562,2837.774735,1010.490231,2763.444619
PC 18:2/20:5,88.98345726,238.2926163,51.45106693,319.6017795,176.9304595,70.52140914,35.48477097,100.0476008
PC 18:2/22:4,80.86113117,394.5021112,728.3568705,271.5776943,103.8902994,217.9794196,302.1352717,162.4320226
PC 18:2/22:5,98.08664977,244.8130202,471.5805608,567.7545977,333.7296107,89.65786056,104.8091032,182.3524027
PC 18:2/22:6,723.0047913,1024.02955,232.9190703,864.697375,223.6517557,327.8787302,1141.131172,1178.236228
PC 20:0/16:1,303.1433686,500.7778896,394.6760875,196.2661635,343.9400971,,274.6249326,281.0428498
PC 20:0/18:1,15292.05407,18411.08734,24945.22226,10986.3014,10738.80747,16880.64884,17746.33202,15786.50651
PC 20:0/18:3,,69.32922982,,132.7928428,59.61480693,36.79727223,38.39710465,80.66903444
PC 20:0/20:1,555.8639881,800.9427561,973.1146515,278.2356377,465.8239365,590.5541274,873.5943798,605.5860642
PC 20:0/20:2,678.7489337,1065.018519,1813.372325,401.0121409,664.2431685,841.4599103,984.6393341,510.9403364
PC 20:0/20:3,239.3777444,189.0128098,216.6189975,170.0589983,137.5758867,254.3946075,256.3308995,388.2258838
PC 20:0/20:4,275.020409,496.1789337,731.8675453,1065.615074,470.6888059,549.4143547,291.021848,132.9417773
PC 20:0/20:5,23.69441547,119.2584246,109.0120462,,,28.61980072,260.6332624,42.57098832
PC 20:0/22:4,47.64888712,102.9513116,50.18214001,,107.7769376,79.90286256,132.4382613,225.0780672
PC 20:0/22:5,152.3198666,101.5890373,45.13292871,59.12048382,,140.3512585,127.3135417,69.89885841
PC 20:0/22:6,289.7519749,45.05616931,123.0494184,28.43540899,132.2918312,298.4872598,,54.86904775
LPE 18:1 (1),98487.35451,123480.4442,108360.3712,113863.5097,110289.8522,162374.4935,126022.5907,107481.7334
LPE 14:0,9949.588488,17686.61414,14193.61276,10572.09956,3614.920117,7939.114002,7534.312563,6256.997221
LPE 16:0,12449740.97,18405895.57,14036243.57,14309808.94,9717850.261,12987315.22,13122772.24,9652439.613
LPE 16:1,1281074.409,1678736.693,1688743.779,1330139.405,614808.0282,893410.838,1047926.989,469906.3962
LPE 18:0,19022120.75,27210018.67,21945577.16,20982978.65,16723288.82,20847280.58,21935225.63,19588712.71
LPE 18:1 (2),11455276.94,16152632.78,14916604.06,12030598.67,9151707.671,10572721.63,12322816.66,9077493.897
LPE 18:2,2626145.188,4366507.008,4686922.662,3118684.671,1855815.688,2583686.715,2730038.518,2092534.283
LPE 18:3,39987.49843,65203.81659,107777.913,46842.10477,28782.64335,41943.92846,43374.6687,24893.4917
LPE 20:0,435165.1595,956539.8795,1835173.074,555823.7297,473390.9736,652537.2355,741418.5906,461867.3593
LPE 20:1,1475947.288,2494707.14,2703546.162,1880723.092,1122706.07,1111381.098,1613597.828,1213526.013
LPE 20:2,368681.6088,623570.5496,680734.2649,493332.9007,267467.7964,334883.3514,406724.1642,327232.1468
LPE 20:3,809075.7538,1293475.585,1024818.706,1004068.998,501113.4126,862255.5917,813926.8795,735760.9699
LPE 20:4,4836927.207,7231859.531,5710017.558,6337196.26,3598402.897,5771397.755,5493629.848,5027312.234
LPE 20:5,14628.51126,23763.39259,16905.42573,18207.26027,9095.254704,15428.40504,13957.07015,14837.01431
LPE 22:4,2679623.871,4668255.715,3341885.081,4987419.072,1140153.973,2879015.941,3752164.139,3429148.172
LPE 22:5,572535.9512,878483.7648,553602.8065,839260.5769,346121.971,505802.2457,551978.424,587248.0425
LPE 22:6,479516.3315,679021.914,510503.8278,573580.2609,460298.0677,552771.8002,506418.6089,469208.3368
PE 15:0/18:1,87373.70054,143928.0534,92316.33984,120729.0712,86778.80324,115410.3454,129620.7015,123934.9715
PE 14:0/14:0,79.10462872,313.4536721,104.268613,113.4852914,,63.58088256,,82.68061743
PE 14:0/16:1,32.58300996,,49.87433163,67.84448099,82.95928262,101.88257,,137.3664559
PE 14:0/18:1,309.0271957,232.0866026,584.5193206,440.8242353,287.2852088,422.4479015,413.6330739,66.1199511
PE 14:0/18:2,304.4651192,196.8457842,173.6085711,135.5434448,382.0196137,98.9370155,103.9611318,275.5239137
PE 14:0/18:3,136.6232696,143.0560564,,,,109.1142082,,34.71223954
PE 14:0/20:1,67.82855737,,49.51195291,87.19687834,84.73567661,59.33424844,,44.59885398
PE 14:0/20:2,858.5871689,1554.562278,1244.854393,600.9478131,236.2540221,951.8795966,744.047231,532.9662864
PE 14:0/20:3,56.06214631,125.0826177,,126.5268801,,54.15064476,134.9187742,71.80721708
PE 14:0/20:4,6370.144316,7099.455705,4284.960227,5557.035199,4527.777637,4801.461832,4499.456164,4510.736587
PE 14:0/20:5,78.2921889,,22.00544824,,342.5162262,,81.84804097,211.9943253
PE 14:0/22:4,549.6695642,882.5150527,946.9410691,913.3847937,437.9031445,562.7633606,695.0443777,772.9449631
PE 14:0/22:5,325.3463439,634.6329398,708.5844023,563.1150617,576.3660278,456.7354765,246.5718767,315.9984749
PE 14:0/22:6,1183.798491,1482.907594,1381.367432,1119.548514,1198.027401,1059.942756,679.3620506,952.9582993
PE 16:0/14:0,28788.20903,47728.16902,39807.9417,32009.66856,12920.15523,38547.00627,31764.12425,41774.96334
PE 16:0/16:0,684.2926227,1331.240567,1009.563304,689.7729706,235.4629025,1271.703445,469.0412698,1197.472005
PE 16:0/16:1,188030.1436,185750.3996,131871.4462,164460.4216,112591.9408,133950.5216,145198.0033,156382.2575
PE 16:0/18:1,1812581.134,2305788.746,2184214.809,1922335.374,1291731.072,1605312.196,1791526.213,1847916.662
PE 16:0/18:2,3500999.397,4437075.446,4185288.527,3255423.966,3009373.939,3535825.271,3414038.847,3346588.905
PE 16:0/18:3,47475.83871,57680.81792,79076.12294,39364.06967,46700.51235,62542.91142,45463.50999,40852.97568
PE 16:0/20:1,117826.9299,154794.0566,178486.1869,120961.376,85524.7523,114152.8136,108210.3361,125844.5553
PE 16:0/20:2,134812.6255,187664.7498,235355.0221,131217.7854,107789.5823,127778.1816,110308.7042,138683.3429
PE 16:0/20:3,813828.0811,948227.0169,803028.4647,775501.0845,537172.4277,707985.367,706432.5272,708958.6594
PE 16:0/20:4,5454931.146,6090684.549,5452149.54,5681494.549,4768923.123,5723514.664,5766377.475,5698402.777
PE 16:0/20:5,21854.33123,20785.36803,18316.35892,17493.96728,15752.58927,18614.62539,17759.38993,20185.59663
PE 16:0/22:4,254837.403,280043.7917,232123.4382,273085.6124,231687.6387,225794.2514,257855.994,248433.9736
PE 16:0/22:5,618039.9285,759476.7135,597893.4958,645100.2355,630775.3675,573312.072,542258.8853,640070.4374
PE 16:0/22:6,2062102.993,2589731.044,2111197.283,2261626.492,2229125.821,2692114.713,2126351.026,2376762.24
PE 18:0/14:0,5462.828164,10136.59615,8284.332104,8482.116942,4523.734323,6256.241135,5509.61988,11300.53784
PE 18:0/16:0,133392.9024,182848.5517,182062.5189,146264.836,77184.54434,137912.5421,113933.2099,170719.9881
PE 18:0/16:1,83048.61394,97315.97764,77804.18528,73545.56503,49208.92451,68048.40395,77711.45714,84739.41652
PE 18:0/18:0,4591.614168,6260.466526,4057.640172,5828.109236,5720.914594,7580.173723,4215.430093,8136.38893
PE 18:0/18:1,,,41961.88625,49719.39113,29314.47386,33868.9245,46370.3698,73124.59027
PE 18:0/18:2,36197.44734,31267.65986,72177.87232,42213.44102,,64454.20194,51004.31551,55888.1962
PE 18:0/18:3,731.9430709,518.3508907,569.5544727,1184.049376,674.2770862,1059.189328,535.6411737,1303.432548
PE 18:0/20:1,402.1058568,547.0035848,661.0846597,587.5971473,497.8836404,1090.824278,1175.378162,416.1338717
PE 18:0/20:2,1706.240234,,,1552.77138,,1326.649856,,1732.931182
PE 18:0/20:3,,8849.521907,9022.629045,7854.630987,4611.191363,,11106.60915,12235.11923
PE 18:0/20:4,,20801.42645,10263.64322,,12640.03591,,10953.49594,
PE 18:0/20:5,110.1456454,627.9874862,,243.6382072,128.4585596,207.9452562,102.4480091,361.7152833
PE 18:0/22:4,765.9803912,2256.96607,2940.266387,2137.850393,1464.292644,3331.835775,3091.384544,3698.292627
PE 18:0/22:5,,742.2143966,608.7852383,1217.962648,,,,
PE 18:0/22:6,955.1410097,2040.577236,1853.918078,,6727.976506,,,
PE 18:1/16:1,176814.5055,191552.9513,189884.6392,171723.4529,114080.0241,147734.1965,166817.2895,159242.7302
PE 18:1/18:1,1484584.313,1642627.24,1914740.59,1363776.863,946463.3375,1275137.38,1422733.682,1336612.144
PE 18:1/18:2,2753973.296,3368595.706,4190670.795,2252177.333,1950287.383,2610635.338,2653055.103,2262806.616
PE 18:1/18:3,30345.62255,36956.61287,68587.09986,28125.57703,31185.15645,47612.58834,31903.97963,30393.48165
PE 18:1/20:1,182260.7776,230220.8704,241153.4621,155937.0865,136900.1576,169508.0338,157560.5493,155857.2479
PE 18:1/20:2,90.89383031,68.81897553,427.4637649,169.9284113,115.8308498,897.8874009,786.7165543,175.4757543
PE 18:1/20:3,835712.1379,953687.5006,912019.3057,714235.1727,554414.3127,759639.1856,696373.694,672251.4549
PE 18:1/20:4,5707613.731,6766996.472,6974588.526,5896369.547,4904475.091,6728027.92,6037533.355,5825484.365
PE 18:1/20:5,20945.08887,21480.51581,20234.7353,14330.24379,13288.38478,18623.25109,16553.825,15326.30588
PE 18:1/22:4,208708.9565,208766.8708,196968.4666,206985.6674,189662.6415,192109.176,210404.9336,199984.8181
PE 18:1/22:5,355104.0197,390298.977,350434.8882,351475.6693,339807.0378,289272.5049,313941.3419,341212.2909
PE 18:1/22:6,1032274.803,1209423.066,1009183.038,1007933.531,929835.0904,1198404.581,1009855.38,1045397.153
PE 18:2/16:1,220289.9693,227458.3435,221128.7959,164937.131,145781.3894,193510.1913,188613.4562,164152.8219
PE 18:2/18:2,187875.4704,227116.5877,452222.0217,151717.0773,153848.5101,225031.3991,196345.7915,159612.6783
PE 18:2/18:3,4192.147543,5437.615669,11018.15487,2760.818295,4171.753488,5973.359691,4273.464987,2039.177845
PE 18:2/20:1,53403.82654,64758.74365,88203.36295,38322.23265,35272.49477,48482.45683,41717.223,35713.69586
PE 18:2/20:2,22626.24765,31087.82438,41097.79966,17206.8138,19409.31131,21246.15626,17444.06815,19159.31246
PE 18:2/20:3,41431.33286,47666.19962,58513.5486,31372.31178,27290.14917,41305.43898,40313.19881,31839.15252
PE 18:2/20:4,186883.9825,227763.6229,336463.7268,176562.1878,163677.1663,226214.9699,236677.3065,186915.0171
PE 18:2/20:5,802.9996047,989.5773003,1225.593897,1009.545784,515.0445189,856.0188934,1111.81333,493.432139
PE 18:2/22:4,16142.80127,16286.39935,20160.50017,18222.50405,17759.39757,17855.42223,18586.80482,20544.17157
PE 18:2/22:5,12053.24421,14450.81365,14911.62919,11262.91813,11062.76702,10408.21238,10815.34249,11199.1831
PE 18:2/22:6,25936.63604,27674.91498,35591.48054,25786.04027,24859.19002,33619.376,30049.406,29172.84534
PEO 16:0/16:0,8895.948116,9591.827479,12229.55228,11969.21257,6423.391746,8450.867353,9194.955764,11981.78422
PEO 16:0/16:1,1304.729401,693.8315307,1117.59113,527.4096986,714.2062381,1046.804875,452.403022,1037.875832
PEO 16:0/18:0,3680.07827,7709.492588,4484.403845,9037.332618,1864.796427,4405.559786,6200.401178,5081.430366
PEO 16:0/18:1,17400.60081,12078.68732,15148.54463,12148.23336,8025.794799,10471.82193,11083.83012,13072.50387
PEO 16:0/18:2,9489.5934,9173.221087,14679.69588,5320.10646,8707.17012,10494.6534,6302.145598,7254.75167
PEO 16:0/18:3,171.8475533,247.0675606,218.2420961,224.6776626,217.4898225,233.244225,294.6645541,321.4494639
PEO 16:0/20:1,5447.180051,4728.390614,5387.593511,4327.918646,3224.078859,4444.77857,4033.827488,5797.31459
PEO 16:0/20:2,1616.889532,2202.057032,2707.018969,1925.528934,1407.124171,1452.262453,2555.287415,1469.393202
PEO 16:0/20:3,6003.408923,2747.492399,6026.799866,3163.516335,4458.232852,4793.426508,5726.217561,3825.341042
PEO 16:0/20:4,33202.47462,22503.05252,32298.59297,18317.82635,38269.3288,34326.69747,24839.98445,23122.01603
PEO 16:0/20:5,3222.830553,1171.647554,4014.560484,736.9697201,4469.227022,3461.014632,2190.920266,3966.135706
PEO 16:0/22:4,100853.4388,84926.94791,101690.4513,99048.77669,86510.07139,89323.20876,117445.2326,96438.16811
PEO 16:0/22:5,25923.17167,20680.59107,21651.39827,22899.0726,22804.54056,17743.94081,26417.91141,19022.40651
PEO 16:0/22:6,12063.14714,9520.888342,9840.196162,8295.740246,9619.819658,9227.662841,9807.826823,9074.097676
PEO 18:0/16:0,5777.117868,5034.173355,9357.419768,5146.732781,3049.007639,6524.547133,3453.076292,5422.509125
PEO 18:0/16:1,255.2347967,2927.048977,22.13096382,1818.028301,1847.236611,2514.839504,1098.564179,2982.921893
PEO 18:0/18:0,2922.956938,2385.885022,2291.436213,2430.479152,1773.529356,2583.943137,1826.280158,2592.803505
PEO 18:0/18:1,36768.5744,44785.84715,58323.65025,33553.46601,29192.10753,36572.69834,30041.50781,38978.09874
PEO 18:0/18:2,84237.87111,90268.26698,119001.2721,52006.38441,71079.35281,119198.3868,58169.87942,66463.85994
PEO 18:0/18:3,,1268.754392,1607.378342,873.0349008,,1917.026465,709.604926,
PEO 18:0/20:1,1842.038181,2880.66191,3562.028838,1646.868612,2175.249677,2242.366314,1907.029045,2349.146283
PEO 18:0/20:2,,3287.26161,4068.962109,2612.054981,2289.026008,,1673.344707,2822.887723
PEO 18:0/20:3,18307.79885,20926.75325,25283.64865,19289.19383,15500.31527,17670.98172,18275.75204,20234.69821
PEO 18:0/20:4,107450.3644,122303.4986,196603.6289,148098.4044,132517.5547,185621.4559,152857.5325,183257.8155
PEO 18:0/20:5,3849.551401,2240.658345,5260.620717,2510.260347,4736.245106,4596.045382,3967.117632,4046.053337
PEO 18:0/22:4,4701.538052,5382.87215,6856.800927,6951.737133,4892.712919,4327.806076,6334.041733,6687.758222
PEO 18:0/22:5,84092.94521,88647.39615,97850.08419,73254.4376,66423.68164,55814.46446,83215.07074,99068.86448
PEO 18:0/22:6,57120.42886,69267.27444,70218.88536,52851.96241,59679.15549,57655.50404,57653.97791,75134.34755
PEP 14:0/18:0,666.8370105,425.321162,6641.435052,2233.209964,542.9192241,641.223764,873.4694829,2709.181604
PEP 14:0/18:1,2920.01532,2529.583022,4219.860131,3712.86789,2092.07591,3052.992402,3159.898635,3435.802293
PEP 16:0/16:0,2099.170154,5167.370003,2689.379383,3798.126568,2144.428575,3812.428794,1992.366698,6818.190622
PEP 16:0/16:1,3004.490993,495.4695869,3546.007039,808.7472745,3711.865434,3071.966799,2616.609607,2450.183953
PEP 16:0/18:0,1249.547477,1021.489927,310.6115356,1094.669987,531.6949823,915.616734,872.1838967,1987.947002
PEP 16:0/18:1,72092.06031,11589.7088,69708.24051,12196.07446,60082.5737,51924.88395,42877.01799,45462.45159
PEP 16:0/18:2,31013.76524,6007.671963,35422.97961,5871.149553,32854.23534,21677.03897,20333.00858,15084.11484
PEP 16:0/18:3,414.270138,197.8694951,461.9913152,225.2229285,721.852813,605.3498124,295.1272804,305.7540831
PEP 16:0/20:1,13081.58612,2388.428649,12301.22903,3534.946905,12623.92137,11326.57439,8855.650941,8836.948148
PEP 16:0/20:2,10161.39983,2161.484694,11838.0329,2830.645745,9973.423693,8569.668003,6852.362307,6378.003457
PEP 16:0/20:3,47441.7949,8096.996346,49062.79154,11178.27069,47503.39852,39477.39028,27798.14465,30652.13913
PEP 16:0/20:4,383617.7136,74194.35293,402478.7979,104017.8795,536366.9616,391333.4689,256996.7736,307305.7711
PEP 16:0/20:5,943.1071916,398.1887794,374.7810498,253.9399984,1593.202563,505.6817311,249.2841963,584.0788025
PEP 16:0/22:4,318841.7631,54483.1572,320655.417,90422.54867,419740.4062,299435.8297,259499.4607,266912.9912
PEP 16:0/22:5,71150.96028,11708.55744,61607.00705,17913.51333,91613.85198,53379.15204,45254.02986,49059.71745
PEP 16:0/22:6,30807.66419,6627.940099,23034.67758,7631.185795,41993.24892,23326.02307,18505.98725,22348.53132
PEP 16:1/18:1,587.9170016,710.7046268,1095.846579,1587.314056,894.9637436,1449.912449,654.2616833,2607.999569
PEP 18:0/16:0,7285.140629,9857.61838,7449.660447,7764.087972,2410.137946,10552.0985,8658.386792,10682.42847
PEP 18:0/16:1,3815.942447,2528.308917,4760.26591,3203.843223,3259.673439,1922.560985,3315.392479,3026.608971
PEP 18:0/18:0,11050.69301,12980.86801,17208.05664,12461.27469,7992.623932,9336.18778,6994.527431,15564.77033
PEP 18:0/18:1,67591.26864,35748.25052,64544.16442,28975.07911,35549.93215,54444.02459,44522.88189,40961.38104
PEP 18:0/18:2,69387.02872,53209.02499,82319.13315,25431.77731,67494.23135,66645.60813,44887.84811,53901.73609
PEP 18:0/18:3,1050.499686,237.8949879,1572.54269,726.7956426,1127.155864,981.144598,767.5860495,618.6322736
PEP 18:0/20:1,10057.42276,4212.614837,12317.55041,4961.914596,10715.76747,9829.250775,7330.194192,9838.317238
PEP 18:0/20:2,7034.950035,3582.933385,11105.93727,4114.57193,7316.733967,7478.195955,6682.625035,6016.479302
PEP 18:0/20:3,50339.09912,19112.55826,67699.17488,16444.107,44955.07581,40235.30011,33628.97862,32931.78884
PEP 18:0/20:4,487096.8946,177756.2593,661151.0893,206738.5614,646591.2839,500448.9761,397906.0178,470046.953
PEP 18:0/20:5,2571.858674,717.1258478,2282.33319,640.2907654,2704.62084,1888.871334,1503.671304,1553.241877
PEP 18:0/22:4,442013.9807,236940.7303,501315.1887,280342.8116,467984.2915,393367.4058,390571.6653,517810.7228
PEP 18:0/22:5,132060.9648,64341.50058,138419.6423,63437.16055,127433.4696,96692.95656,89528.95627,116243.7747
PEP 18:0/22:6,85561.74639,36425.56854,99606.26399,38164.1378,119603.5832,81372.66257,65734.74366,84702.21165
PEP 18:1/16:0,50848.79387,11615.57174,49501.5899,20840.69458,66947.32869,36845.80158,30333.58578,44155.79037
PEP 18:1/16:1,944.2227484,1104.271903,1101.287936,1155.539626,1086.633258,1200.421319,576.9142063,794.8869755
PEP 18:1/18:0,4458.513666,4863.480658,7041.64642,6310.511535,4522.376561,5899.85903,6042.511167,10818.91884
PEP 18:1/18:1,30039.61413,4053.1536,23307.22905,5031.603586,14871.32635,16538.00149,15190.1376,18435.66646
PEP 18:1/18:2,10032.3527,1952.408921,9508.634875,143526.0479,10137.13092,6388.635802,33592.45557,177244.3439
PEP 18:1/18:3,232.4737632,81.11205807,410.9025362,2492.487561,423.4676964,156.3678056,734.5735076,1560.181088
PEP 18:1/20:1,6166.657104,1663.212595,4420.578034,1060.022135,3675.658917,3335.471351,3945.557305,3893.027181
PEP 18:1/20:2,4474.164616,903.2787037,4899.663726,1337.231974,3607.782013,2747.620312,2573.020765,2626.351579
PEP 18:1/20:3,17070.67042,3348.781011,16185.7551,4858.632882,16838.98575,13089.381,9683.819843,12415.16697
PEP 18:1/20:4,155726.8626,34019.688,138785.2432,41955.16115,190458.9183,132304.6507,103169.0324,119380.3286
PEP 18:1/20:5,262.0941177,96.65650578,237.4627875,381.096585,375.7347038,226.0092816,251.1567159,281.6886285
PEP 18:1/22:4,174802.082,36979.79658,161418.6297,55923.16551,199964.2383,156054.7584,141407.3664,160180.8542
PEP 18:1/22:5,49721.59549,8107.407483,39987.44208,13398.53162,53540.68822,30229.18105,31693.08133,34602.2765
PEP 18:1/22:6,29979.58863,6231.083211,19041.50122,7997.538972,32432.58125,20984.57033,16827.37418,20463.89384
PEP 18:2/18:2,1252.254901,765.2178161,1442.291728,14255.10336,1654.113722,1015.397861,4996.558621,8269.360527
PEP 18:2/20:4,8269.328486,2464.950631,9265.650352,2325.444558,14394.87715,10183.37995,6652.517528,8834.719074
PEP 18:2/22:6,1257.170381,324.4395984,1269.234008,237.0853816,1920.1856,1099.939047,663.8827633,795.0486096
LPG 16:0,171120.1376,242164.8971,171132.8023,223450.8657,160610.2923,115879.7386,265360.8421,163303.6252
LPG 18:2,149739.7837,253318.2425,179078.4769,211844.9482,144844.5631,119804.7012,155040.4361,158457.2453
LPG 18:3,1777.990798,3359.116461,2844.344178,2256.932252,2094.210572,1700.685196,1731.12533,2290.580394
LPG 20:1,10002.12821,11690.35382,8176.165752,10455.49927,5901.498933,8509.122966,12735.15857,10121.28531
LPG 20:3,17753.9149,20978.6418,14018.60077,24055.4685,16735.20646,13847.41699,17513.50691,18696.0766
PG 15:0/18:1,598113.5848,815002.0717,628049.1526,799803.3666,756994.0304,877085.587,826096.5143,834299.1066
PG 14:0/14:0,404.6803476,477.7797194,489.638318,296.3554165,309.7562464,458.497371,432.764024,528.5923294
PG 14:0/18:1,19192.13579,17357.02178,12538.73718,14118.1281,15009.3827,10184.2974,18070.35782,15915.94695
PG 14:0/18:2,6344.636509,7585.108025,6338.018959,4578.829067,6411.771797,5010.076523,6752.864715,6032.796761
PG 14:0/18:3,59.62673613,,,162.3745393,,316.5560443,110.7150271,
PG 14:0/20:4,1185.857059,967.8673568,1141.99667,1618.450941,1625.815543,1335.894698,1518.139201,1267.06198
PG 16:0/14:0,4448.94415,2990.341627,2617.011076,4608.913114,3663.076359,4072.066204,7093.146989,6588.601175
PG 16:0/16:0,89432.34595,67187.73635,71984.31795,120065.6317,84369.53243,81545.15782,155355.3931,168887.245
PG 16:0/16:1,57664.63819,36004.02543,26276.65069,49693.09664,46465.15646,34003.08107,89081.9207,66975.70949
PG 16:0/18:0,4580.900999,9333.278236,7290.557561,3527.816562,4765.696833,13806.13878,2426.972219,1945.315757
PG 16:0/18:1,3196631.876,2814465.872,2556055.994,2927542.834,2611666.853,2521314.146,3263507.456,3231876.333
PG 16:0/18:2,778652.4931,641887.1978,564176.6976,744365.5967,960367.2309,789290.6769,1355411.16,1079094.074
PG 16:0/18:3,507.2464981,1968.95422,515.5734834,292.7196417,385.7883218,279.6531741,597.9205552,358.3878405
PG 16:0/20:2,193919.2057,204396.5426,269255.6476,190036.8853,210301.0757,200570.3468,185092.169,191210.598
PG 16:0/20:3,60673.22155,54696.57924,56545.47695,54369.81119,63921.64846,43664.35665,81139.53047,63331.6424
PG 18:0/14:0,2845.314411,2543.929858,2556.517954,3247.824316,2632.431419,2301.168505,5175.464324,4277.34051
PG 18:0/16:1,39227.651,33413.40559,22490.21695,32424.62842,23607.56304,16252.14267,45552.43335,35986.41359
PG 18:0/18:0,36260.54576,36763.34622,42767.69908,41787.17817,26256.63572,29199.73952,40750.80295,51835.72444
PG 18:0/18:1,553204.9684,492016.3536,460619.3332,560720.0945,348992.1784,349203.2474,585865.4403,569345.877
PG 18:0/18:2,699905.4286,584098.4976,717808.4468,815065.3458,819538.7581,677934.3842,1282828.483,971922.8127
PG 18:0/18:3,11098.38328,10726.71122,10440.15048,12152.36238,11972.2716,12540.60863,18502.9985,15732.8833
PG 18:0/20:0,12231.72614,13313.09876,18619.34046,15883.6866,9688.242368,15005.37882,7385.401975,23432.40262
PG 18:0/20:1,10117.08472,9200.973969,11141.23897,12723.74214,9313.686681,7725.488739,12136.15515,11034.48213
PG 18:0/20:2,69605.11363,75584.95602,86737.10228,88642.53808,91522.51897,77277.05814,101531.7131,101689.5746
PG 18:0/20:3,95096.01907,82151.53117,73974.08421,114168.1027,95526.99066,72760.73525,128517.5699,120544.0008
PG 18:0/20:4,142756.1289,118388.638,120980.4529,165938.4099,208189.2801,130640.8098,257575.4393,199174.0991
PG 18:0/20:5,4408.24604,3988.348973,2989.571504,3785.739673,2629.026543,2327.800936,3075.738436,4423.516929
PG 18:0/22:4,22254.96292,17010.55371,17634.89701,21236.86489,18071.42771,15476.81991,21449.61822,25152.89468
PG 18:0/22:5,26173.70106,24042.95898,17742.37745,29177.26269,26868.02743,18548.57976,27856.46542,30543.82133
PG 18:0/22:6,35115.96357,30261.94542,23280.16484,38993.32864,31726.30916,28222.02978,36559.33389,38906.24099
PG 18:1/16:1,497727.3889,438926.2479,275753.7086,377824.0062,236840.0357,221902.6336,364580.2762,370776.2288
PG 18:1/18:1,5929163.818,5322913.02,3502707.757,4875019.988,3325477.219,2646262.322,5322834.91,5058371.181
PG 18:1/18:2,1954361.817,2065132.261,1552687.737,1795425.672,1409609.397,1198708.475,1838076.784,1837395.85
PG 18:1/18:3,56.62493198,50.18086038,,107.1158079,388.3399951,246.4079961,287.3243678,346.7378182
PG 18:1/20:1,204666.5174,159550.6938,137828.1986,161408.9187,121577.6579,106283.4906,191915.6689,189343.4982
PG 18:1/20:2,142200.8729,131369.2315,97356.60665,119195.6478,89989.52753,65426.8229,122594.2096,119643.3202
PG 18:1/20:3,613294.2981,554432.2182,484325.7232,618559.0542,458910.7751,446976.3278,586487.465,652800.476
PG 18:1/20:4,605149.9687,531859.3669,468069.6584,593677.4316,498992.0517,403251.1135,534836.6833,624082.2359
PG 18:1/20:5,19271.72759,16695.76643,12518.67464,16925.61943,14378.20953,11881.58658,14274.92217,18153.03716
PG 18:1/22:4,410036.4439,329862.1072,317457.8737,410152.8892,426636.2225,326423.7148,395626.2862,490885.3698
PG 18:1/22:5,449384.9923,383929.9061,356045.8947,493012.2975,461209.5661,316811.0172,430554.2411,520779.1941
PG 18:1/22:6,532216.6201,428294.9987,364254.6999,579425.126,513284.0227,479438.5137,585431.588,601013.8069
PG 18:2/16:1,171644.0345,167833.2797,106758.5835,148958.924,103479.8253,107954.1898,138174.7227,137509.3177
PG 18:2/18:2,1021798.265,1214410.762,954034.6291,1001845.867,808070.6303,881732.1699,848752.8631,899179.6011
PG 18:2/18:3,32275.00881,37780.39451,32668.74971,27197.40931,21664.38793,26571.05889,26191.42704,27449.11449
PG 18:2/20:1,34631.64137,36696.82616,29466.22639,28031.47494,24783.19165,21327.60244,30253.08154,29722.49669
PG 18:2/20:3,183239.1607,195181.9817,158107.5521,199772.0507,143812.605,157114.5866,156849.824,175440.8264
PG 18:2/20:4,203743.3739,204316.9506,215167.97,214324.3334,198420.1884,202805.9523,182462.2672,205595.5192
PG 18:2/22:4,102300.5072,79228.52776,76825.02915,86793.44144,97119.81338,84496.44198,73029.64125,87502.61348
PG 18:2/22:5,117566.9791,105008.6775,101270.1802,122058.762,115322.3287,94946.71965,97150.89057,116439.3776
PG 18:2/22:6,143239.5603,137801.4895,122235.9967,144902.6584,164014.2188,177908.8894,153876.1424,150498.2838
PG 20:0/16:1,1476.250874,1359.963184,1090.868355,1029.873399,975.9704059,785.448478,1217.243055,1543.512582
PG 20:0/18:1,53523.78802,69130.01626,68345.32644,61559.38269,46677.36348,75446.63417,52823.21802,71179.09741
PG 20:0/18:2,6466.018986,7414.851025,8519.129506,5101.430963,5136.535906,6695.958237,6482.121426,5754.285547
PG 20:0/18:3,400.025402,1001.720773,645.8861181,699.6377437,474.1839129,539.6440625,922.8475371,561.9428948
PG 20:0/20:3,1110.454664,1117.195652,1087.138004,1017.417445,425.9635353,946.9313209,952.2804032,929.4368984
PG 20:0/20:4,3872.716371,2122.175553,4353.858839,3768.202927,5405.429991,2771.785694,4207.116932,3824.270796
PG 20:0/20:5,117.7056629,146.8376832,250.5106397,158.4227068,56.81036729,379.4822822,275.1240573,93.56881044
PG 20:0/22:4,998.7665606,408.8828602,668.1191352,653.463079,714.2569662,459.2132952,802.9276723,542.9973232
PG 20:0/22:5,827.3433693,976.5377588,565.6870565,929.8972687,1208.002392,930.7731073,651.5061822,1072.12989
PG 20:0/22:6,1317.065389,1385.338951,803.9144565,746.6188274,1371.630355,1586.209342,1436.614934,1093.570802
LPI 14:0,1097.557376,704.4990102,1290.22038,655.2595755,358.3879728,1252.662613,1206.097706,900.7270099
LPI 16:0,455969.9511,806748.2316,519571.5092,705077.4676,312676.3562,419519.7764,422927.5216,556832.2074
LPI 16:1,7081.4971,12945.86385,9836.228375,12259.70285,4189.658769,6361.325682,8642.600907,10236.56507
LPI 18:0,15549.07529,23979.00472,15895.42103,9574.898368,9332.9346,12286.20458,33291.91626,8483.489664
LPI 18:1,377877.4632,691246.5932,636925.1504,713220.782,260418.6206,372475.6034,438203.8354,505760.4991
LPI 18:2,73211.28847,161338.9981,114171.0405,170494.2984,58619.90317,80357.22049,91535.57559,136706.1519
LPI 18:3,3234.362635,3420.220764,2454.515491,20727.99216,2040.519525,2085.79086,2299.697479,22370.99158
LPI 20:0,4759.565798,14590.7719,24949.48072,7851.166791,4441.548744,12120.88162,8466.42218,8138.780112
LPI 20:1,5469.744553,6640.288988,7857.743433,5665.484121,3729.085185,2936.312005,5311.840124,4168.402772
LPI 20:2,106.4789552,117.6211016,113.8462225,117.0510379,56.91317271,212.2601001,469.7224593,238.5737952
LPI 20:3,234358.9304,550820.0968,292556.2214,456089.7378,154170.9218,216976.4341,266503.4456,323197.4314
LPI 20:4,962561.5806,2226876.158,1407762.566,1982371.208,766499.8002,1097997.465,1285995.722,1493536.744
LPI 20:5,1680.06122,2665.304049,1852.300443,2488.217856,1359.588247,2046.050031,1581.057142,2482.96594
LPI 22:4,266.6512958,160.2065576,84.06034191,151.663056,102.6912613,126.8199842,98.53609585,89.50936591
LPI 22:5,71.40507852,114.1088428,74.20708059,142.5665208,41.71368921,147.5235563,52.29628458,91.64644847
LPI 22:6,65.2584202,99.9940356,162.5778059,44.52004121,63.8412245,27.91424978,82.64344484,58.45979822
PI 15:0/18:1,29963.04035,49093.13863,38650.6509,50340.60842,30941.94031,37470.88954,39141.03832,48816.83847
PI 14:1/14:1,452.6815373,211.3599637,129.2403658,140.2527295,148.0739973,344.3457342,229.0765544,64.85515108
PI 14:0/14:0,528.4224127,581.9098637,641.1849171,680.8245874,498.547203,371.3299037,470.7405678,753.3643876
PI 14:0/18:1,1151.135884,1822.316149,2273.331107,1419.255008,1345.565436,1457.221543,1485.071969,1926.319134
PI 14:0/18:2,356.674167,139.8413886,211.0578879,232.615267,179.9910843,100.367211,164.173111,195.0527958
PI 14:0/18:3,168.4444896,168.2604325,331.5157811,79.42139086,155.1989448,124.746826,201.6771083,287.9628797
PI 14:0/20:1,68.59733657,150.9575798,48.76099075,207.0278056,237.0937403,166.4507445,163.636597,259.0137038
PI 14:0/20:2,157.0482108,242.5161894,370.5574998,269.3803736,435.398283,100.6275802,59.1812564,114.9058124
PI 14:0/20:3,103.9720578,117.1775325,119.9795551,62.61015197,69.6625021,89.05755607,59.32474174,64.00886905
PI 14:0/20:4,135.3175942,276.129316,143.5897326,315.362408,74.75981551,434.8337546,285.2722212,144.9899245
PI 14:0/20:5,49.45422831,338.2464207,112.4234606,29.58204151,62.01581905,76.89929891,62.06244673,259.5437195
PI 14:0/22:4,81.95639839,,,94.96380277,220.5406798,17.53721861,19.79970703,
PI 14:0/22:5,61.40479484,144.2594857,172.1305351,114.9434903,38.77422641,126.0359717,114.6472238,60.57188498
PI 14:0/22:6,,205.0381594,117.3291028,105.0954089,118.055841,40.91977524,339.9612431,203.3807767
PI 16:0/14:0,332.2612863,387.1786822,244.3231602,275.1501556,301.8237056,236.8692862,294.3965603,215.4564367
PI 16:0/16:0,511.2103931,720.2442932,3886.652903,481.7780298,447.0151194,1055.87621,3071.658939,1537.113482
PI 16:0/16:1,136.9093271,,157.315235,41.78840113,83.49233683,65.59631769,420.2830742,132.3008034
PI 16:0/18:0,7559.805427,1086.449227,14410.62205,4972.637948,740.7977969,9136.226728,7282.922757,11115.87162
PI 16:0/18:1,1469.706607,1932.09951,1864.087263,1608.13271,963.6729158,727.4565481,1938.401283,1428.096695
PI 16:0/18:2,5789.134949,6370.233862,6952.878958,3863.778777,4460.66828,6097.813487,6326.704204,5329.387424
PI 16:0/18:3,137.0137499,292.4618673,228.8505878,121.3440712,94.80672471,148.5938467,288.0606675,141.9712527
PI 16:0/20:1,2921.413935,5647.695466,5190.909447,4742.834809,4301.384896,3898.506331,3298.527241,6655.046379
PI 16:0/20:2,12219.73579,13454.199,9548.35661,12442.42081,6572.77532,7111.717846,7723.19943,12177.77835
PI 16:0/20:3,209.5486781,445.5536363,651.9764566,630.2820669,54.49006783,947.9095172,758.9555786,484.2321344
PI 16:0/20:4,295.435966,772.1001975,207.8749144,,178.3414313,400.7597889,717.6937703,393.971204
PI 16:0/20:5,287.1541813,531.2517081,231.7071517,218.4375866,265.6765169,522.0148118,324.7878966,389.9417699
PI 16:0/22:4,230.9036737,84.86425726,98.14024237,113.10565,31.61200234,95.95149635,326.3419815,190.3948492
PI 16:0/22:5,53.23187465,39.07717299,170.8295488,153.0287377,,220.2814971,176.1051496,113.0896042
PI 16:0/22:6,328.5043647,509.8533038,319.4126057,105.5866587,403.198705,283.4029234,253.3622163,204.3539211
PI 18:0/14:0,1165.522835,1443.630856,1258.828177,1302.978391,820.6706244,1324.475621,703.1287144,2276.386915
PI 18:0/16:1,76.71932404,320.1010043,500.3353431,247.5624616,443.8150171,286.3263299,517.896849,321.0559758
PI 18:0/18:0,575.3202761,824.6285808,1060.771205,1001.146637,490.5797512,1914.571115,1325.472439,6136.349552
PI 18:0/18:1,155954.7965,341872.5713,360444.7327,495266.0331,180140.2626,288483.1816,230152.1468,517442.9084
PI 18:0/18:2,7497.713874,15732.00565,4944.834829,3639.502852,698.6499518,8974.761789,34141.13603,17068.69682
PI 18:0/18:3,39.27302113,95.61225549,156.9775583,61.90106336,,240.6671302,160.2622883,73.25000117
PI 18:0/20:0,4158.357409,1922.541533,3830.464056,831.9444542,4332.523712,1268.288646,2440.061887,
PI 18:0/20:1,4677.47082,11501.17293,11556.80751,24802.372,6247.55629,9497.681035,14332.10509,17069.78747
PI 18:0/20:2,107959.3295,157114.6482,131886.5178,132262.8048,87423.21347,81384.32319,102264.3595,133150.5148
PI 18:0/20:3,109604.0329,163926.2005,157565.9211,97945.58036,387.0653327,141844.4423,615415.7802,380046.8881
PI 18:0/20:4,159371.9765,199026.8846,144228.4772,104880.5963,183.5250718,185499.6295,515234.9761,236177.768
PI 18:0/20:5,84.04642658,131.5651105,185.5737503,171.4771464,33.23474949,61.28574689,134.695765,166.2346762
PI 18:0/22:4,2622.558716,2333.005949,3260.160054,578.097239,,3247.221509,9841.631149,6707.034303
PI 18:0/22:5,383.2482125,1331.420696,912.2461537,839.7414432,55.78347469,895.4788021,1904.901114,600.3321156
PI 18:0/22:6,499.819469,1253.246166,262.526244,384.1784247,289.5605535,599.4143307,631.1914046,897.3642367
PI 18:1/16:1,412.8931864,339.7055964,395.7900408,214.2634217,136.691348,776.798396,113.6912181,664.2137266
PI 18:1/18:1,269810.3403,273881.8696,432526.5594,434251.981,289735.7552,261839.4694,399336.4674,437585.3221
PI 18:1/18:2,209.9963399,109.3369269,308.9433291,385.7104838,218.9759453,482.2899275,354.7158619,307.3059084
PI 18:1/18:3,21.91398923,56.29644253,75.09829295,43.12681092,,,80.98515162,82.93104936
PI 18:1/20:1,4582.373939,6818.438056,5788.69063,9559.312357,7032.374381,3718.698799,9589.17262,4450.217892
PI 18:1/20:2,314.3920282,295.1870678,539.9242241,542.1196309,185.9232822,375.8204433,708.1451575,498.9096655
PI 18:1/20:3,178.6894115,762.4158977,266.3148341,131.6956304,89.40253907,777.4226085,281.7880812,343.3093029
PI 18:1/20:4,147.3954859,266.0599838,358.7804061,189.4120958,145.5892777,783.6964205,653.6136199,277.2592566
PI 18:1/20:5,805.2720634,1244.386462,1626.965334,995.0189742,1010.438128,1009.514627,846.897272,850.2161189
PI 18:1/22:4,132.0728758,77.57189882,33.23556192,34.24327634,74.8037668,23.78704508,262.8875043,86.73875989
PI 18:1/22:5,,120.2615132,89.95978869,33.52670757,53.33707509,59.44824144,33.39684721,37.63582829
PI 18:1/22:6,56.29055034,,128.7574173,69.47526994,111.5881991,194.3691911,108.525579,69.46636317
PI 18:2/16:1,282.7396282,282.955257,334.6467993,132.1754329,343.532907,157.1972719,109.1283698,103.1987837
PI 18:2/18:2,169.5600542,196.9429138,596.1006166,260.0044485,222.8560302,156.4893063,202.1434243,284.2119855
PI 18:2/20:1,311.0688153,147.1047352,105.7943038,253.7864342,68.94921414,240.1499375,1245.605324,246.0063783
PI 18:2/20:2,,106.9125445,95.84981339,,140.4631223,84.82339319,169.9260709,135.189949
PI 18:2/20:3,769.2337075,517.591444,112.7001497,187.780459,229.9474974,221.690376,179.5251642,633.8839914
PI 18:2/20:4,432.7772527,275.0525569,89.82274727,226.1251758,,,,
PI 18:2/20:5,160.6169441,268.5803963,168.0913434,140.1769841,175.9790523,241.612926,202.850838,206.7069871
PI 18:2/22:5,262.4877744,313.7408589,303.4208033,456.6990939,186.9303513,215.4915643,206.550065,396.978724
PI 20:0/16:1,184.0899821,169.4992539,235.9243927,666.8996954,337.8574254,777.1813506,79.29004681,457.7106251
PI 20:0/18:1,284.8585734,1277.483159,,266.3082593,636.8676498,423.7831966,317.0360747,1357.475272
PI 20:0/18:2,149.9641756,97.46740703,156.6946541,307.5561274,184.5165647,,146.9227464,168.3612804
PI 20:0/18:3,191.5475407,64.61933509,127.798132,119.71131,76.78127629,144.2299114,212.9864269,71.02360998
PI 20:0/20:1,66.21277863,70.05118912,67.86312223,168.3012963,84.79797846,,64.99084619,26.98689234
PI 20:0/20:2,83.87663568,259.8094998,219.2624541,226.2153893,,37.2712883,168.0352054,32.33411381
PI 20:0/20:3,106.1124553,300.7124145,253.9526842,255.5167024,56.21423151,313.5347218,1113.518662,450.416538
PI 20:0/20:4,1453.639734,493.1204399,137.7532469,452.0567263,67.22860675,435.8481343,1649.877194,715.1533327
PI 20:0/20:5,146.1705777,243.4412564,168.6199618,133.0149713,117.5420567,199.7853145,260.0270458,151.1084619
PI 20:0/22:5,29.58693321,,40.1849841,,,141.7751809,62.08695348,72.84839859
PI 20:0/22:6,47.6477643,122.5171434,,58.42238324,191.0378577,,101.4012279,54.42521696
LPS 16:0,1618.493757,2175.679608,2332.821985,1623.138469,838.9682518,1250.444054,1456.087631,545.1502317
LPS 16:1,1552.486109,1626.08826,1219.744037,1094.732677,,1033.303401,438.7257821,
LPS 18:0,83804.59454,124074.5723,90220.44955,102594.1996,74763.86639,92539.17232,82225.83444,84940.31512
LPS 18:1,2652.142785,2777.409928,4159.113715,4211.741287,1520.754772,4086.468289,7018.524363,6061.990665
LPS 18:2,2188.218026,2594.542704,2035.149895,2155.166362,1096.178865,2369.164618,1961.055105,2548.374893
LPS 20:3,556.2303545,999.5772107,997.8951328,1129.850107,106.7046442,1570.137166,1385.776525,967.650121
LPS 20:4,5484.555614,7757.431002,6867.996553,7636.229822,681.6023255,5832.137506,9948.410652,6212.234347
LPS 22:4,737.6697794,1296.947044,430.9848661,507.3609731,345.8604869,509.1449155,1010.488534,914.6296205
PS 15:0/18:1,319.2081435,467.8578381,262.9217083,489.7568554,89.52101489,155.4073039,419.8765748,162.5847463
PS 14:1/14:1,147.7094075,396.1569311,234.2901709,275.2331291,201.3140428,188.743949,242.4165181,245.7770226
PS 14:0/14:0,,,95.36817564,,53.58922137,199.5143122,54.85820944,
PS 14:0/18:1,13733.80788,9981.15853,16589.59542,8396.476429,6720.756172,10351.8558,11409.2127,11413.88821
PS 14:0/18:2,11718.08363,11079.8104,17362.46096,7840.830853,7863.023387,10166.21321,8629.365237,10868.98988
PS 14:0/18:3,433.6432383,541.7059144,558.1985716,447.9505822,586.5329755,241.7847132,600.3462654,527.0759132
PS 14:0/20:1,3776.194459,3354.758869,4400.372926,2727.312408,2348.099549,3721.155925,3574.025598,3690.656588
PS 14:0/20:2,2267.537395,1137.411105,2909.653388,1232.932631,1316.193907,2023.429176,1623.135914,1316.995574
PS 14:0/20:3,12729.3516,5768.278574,13589.41154,6694.702706,6009.268173,11716.62695,9192.614258,10038.59236
PS 14:0/20:4,134217.7678,54723.53536,158794.6641,72255.9936,80082.80184,143565.1213,120619.3201,139204.9077
PS 14:0/20:5,2755.59145,2491.410259,3837.018093,2279.800109,1982.952329,2688.222321,2145.052301,3665.63319
PS 14:0/22:4,157822.6427,54420.37143,201232.1042,72740.23088,77394.15551,151428.374,169194.8052,201914.98
PS 14:0/22:5,46509.49545,16583.96141,54725.94432,21468.77187,25819.2313,36289.84581,42983.7405,47756.46122
PS 14:0/22:6,30215.94192,14729.54979,35108.00409,16133.55748,19086.25029,29265.48908,30083.76604,37860.46788
PS 16:0/14:0,1243.944723,1252.112004,1120.457392,780.8762669,655.5835512,1152.022871,992.7972871,1036.774594
PS 16:0/16:0,73971.44957,84624.29782,78224.50597,63730.46244,42796.42096,54845.25096,68684.58072,79164.37674
PS 16:0/16:1,286.7449251,385.5895834,262.3078061,179.6153608,101.2290882,254.6631793,131.1850173,276.6794724
PS 16:0/18:0,57534.79004,63511.18221,58969.5553,51133.29873,51763.20288,61345.14509,55286.92607,52967.20406
PS 16:0/18:1,1892.157764,4462.314479,3815.090142,1122.807727,2938.986535,2088.489609,2531.769356,2925.857809
PS 16:0/18:3,3329.269003,3826.502587,5961.471564,2952.531252,2912.112963,2966.743633,3188.255071,3758.342567
PS 16:0/20:1,33207.97001,39236.981,36838.78283,35065.12116,30390.05297,37403.65609,31923.97686,39093.64624
PS 16:0/20:2,1372.650607,252.6945385,1965.614925,527.4309343,853.8251911,482.8407874,2129.543497,919.3679412
PS 16:0/20:3,26741.18987,7760.100888,40286.9927,8811.69633,10660.85247,19436.90409,18583.08779,25604.32684
PS 16:0/20:4,326078.6212,112023.1197,529046.3983,137843.1112,172600.114,327797.361,299983.3725,399689.4834
PS 16:0/20:5,10271.62114,10091.77529,14812.60693,6678.413927,9417.002804,10885.14001,10070.8625,9776.641484
PS 16:0/22:4,177154.7581,39222.52345,235172.0933,62071.14758,73230.56117,146166.9985,136440.3187,208950.6479
PS 16:0/22:5,67852.5066,16263.54899,91344.6357,23654.49383,30621.06076,48178.9951,50051.89692,65092.61448
PS 16:0/22:6,53174.27972,16705.13886,63280.85573,20938.85574,27021.03482,41713.82964,42575.33023,62632.1038
PS 18:0/14:0,9101.268206,12158.5384,6817.444992,8630.943614,8209.731461,8072.161598,6702.048279,7586.414732
PS 18:0/16:1,281550.1389,262723.7895,206978.6785,224824.9052,208940.1506,283005.7243,236682.6187,216160.1021
PS 18:0/18:0,,3837.979545,6510.105179,1995.571457,5099.742489,,5719.786997,16146.43329
PS 18:0/18:1,4915896.359,6278099.016,5204215.662,5004635.242,4872546.494,6002852.676,5176817.185,5409279.366
PS 18:0/18:2,172354.6897,192994.4899,226177.0806,170792.6669,161294.2114,211242.7756,210362.2612,166617.4354
PS 18:0/18:3,111.6652944,161.2899458,,96.71103741,102.7323571,,111.4918936,74.31131757
PS 18:0/20:0,,,,,32486.41895,,,
PS 18:0/20:1,,100319.0761,186484.3328,195307.2763,62163.86636,72837.64345,161611.6861,195744.998
PS 18:0/20:2,153197.4131,163616.2501,191944.9836,158997.9601,125152.7916,156853.2138,143831.8036,154594.9742
PS 18:0/20:3,45511.4011,50083.24256,74967.42788,51974.25749,43043.76457,56534.29681,59000.4641,53245.31664
PS 18:0/20:4,7217.559182,8769.28805,2185.33092,3460.981768,,20771.71168,6388.172907,2838.203539
PS 18:0/20:5,153.8920565,215.9539744,262.7096215,172.2504551,,145.7063767,282.5769246,164.4436885
PS 18:0/22:4,1982.435662,2643.488605,3126.784673,1726.378153,435.6116965,995.0211577,3786.380536,2048.642455
PS 18:0/22:5,3289.946202,2129.914405,1373.105344,1918.603673,73.74468733,2892.829314,4674.676095,4763.94755
PS 18:0/22:6,111713.9876,175061.3345,215735.2978,221561.3793,291787.4953,177774.4784,127805.155,84101.2495
PS 18:1/16:1,19132.31248,23414.82434,48799.75085,23570.65856,21615.28854,30420.31153,25019.96799,34550.77577
PS 18:1/18:1,2485.446271,662.6321425,4916.350323,1027.04582,,,,
PS 18:1/18:2,867.2968388,1701.651392,4094.907737,1658.980481,1109.799742,1901.454288,1262.958331,1816.279744
PS 18:1/18:3,,208.9338517,358.93656,272.3616956,76.67418417,123.1508185,115.5791782,
PS 18:1/20:1,4240.510433,8272.757585,6608.508986,6934.552297,7362.908377,5610.179021,5084.793518,6141.110125
PS 18:1/20:2,61.20707704,185.2290436,142.0784117,212.2980729,135.1664853,444.397379,594.3581337,102.5157817
PS 18:1/20:3,563.2133406,518.7302794,343.3279352,695.4430225,384.8344606,955.4239414,,215.8731082
PS 18:1/20:4,1556.400716,,4316.396589,2278.84381,1964.263757,,2639.300535,2385.884014
PS 18:1/20:5,914.4898738,300.3350189,1379.989401,597.6834728,763.7323258,642.5537369,1003.981631,1229.203783
PS 18:1/22:4,151.223783,,327.7557947,211.3962566,89.8695757,103.969759,92.31433567,171.5989347
PS 18:1/22:5,123.9121522,350.7561738,616.0831649,42.55003783,183.9756798,248.4063397,128.7943583,197.8059071
PS 18:1/22:6,227.7195213,533.7421036,2803.213314,466.7852935,572.392541,368.8737615,840.2625652,
PS 18:2/16:1,139779.4416,167168.1185,270258.8377,135087.009,137518.0018,196894.2065,150108.0514,177177.0118
PS 18:2/18:2,2181.614744,2955.96076,5236.953709,1296.166582,1649.278769,1411.537401,1838.638598,2025.414871
PS 18:2/18:3,64.12407637,194.2673128,151.9372926,107.5072342,127.1566857,268.2921271,235.9582087,206.0101349
PS 18:2/20:1,391.4128594,343.3544905,614.7725667,86.46029178,398.677843,404.8131184,570.9524031,558.5107088
PS 18:2/20:2,251.8974481,72.68859611,312.1172372,278.4350515,317.8418722,289.4553425,202.7422404,229.5425383
PS 18:2/20:3,657.4846646,984.2144376,1724.778039,1891.340598,1458.01698,1619.517642,423.5607592,1549.788584
PS 18:2/20:4,,1569.029295,7522.678376,2222.873783,946.09695,2646.414012,2245.841733,2953.036918
PS 18:2/20:5,605.5541196,451.2970054,1257.671521,579.6359557,972.5714827,527.3946849,414.2817662,665.1890762
PS 18:2/22:4,,74.26794778,231.9487557,134.8397893,135.1243215,,,65.92069341
PS 18:2/22:5,18.0446108,456.9264775,137.7932281,369.3279002,102.675181,110.9240056,318.7246846,539.9119526
PS 18:2/22:6,426.0960803,1475.375038,1521.455352,265.8803994,1055.811853,1260.970721,1401.005602,1283.686865
PS 20:0/16:1,147320.088,159787.1392,108637.2074,109348.0432,80385.45106,129810.122,119956.5477,109270.4577
PS 20:0/18:1,64996.67031,,6085.449322,4854.625077,85738.10635,,6294.21582,
PS 20:0/18:2,729.8113064,628.6036446,1883.485836,900.9442274,,966.9019005,2749.404781,891.7789379
PS 20:0/18:3,100.529796,93.74224146,432.8742301,113.5784046,112.5965958,223.9313641,151.6817937,224.9502884
PS 20:0/20:1,240.6075196,429.9454903,283.5228716,111.8695507,335.5273788,310.3573748,,401.5087904
PS 20:0/20:2,244.8965325,166.5775411,63.32489435,166.5482591,211.2087595,145.5261985,109.0406283,509.9951981
PS 20:0/20:3,934.5732087,1392.068719,2131.659332,1507.119697,530.9196935,1617.125693,1281.578283,1190.590577
PS 20:0/20:4,7310.014637,11575.62948,16803.93406,9519.936323,8503.895265,20174.32477,16768.32528,16616.99611
PS 20:0/20:5,154.0489764,772.9844199,1276.97923,264.0724054,327.6691871,791.5976036,387.4140015,378.1162648
PS 20:0/22:4,58.95587899,47.43909682,373.8700152,142.1498241,29.05262714,39.07757278,133.3631643,229.0018835
PS 20:0/22:5,376.5974736,120.5858448,362.2108841,407.6494835,170.4184433,285.858111,374.2727472,273.4966194
PS 20:0/22:6,157.7059284,1641.539308,537.6882758,493.2250468,115.707417,1177.937746,348.4458997,395.3766022